"Reference","Qty","Value","DNP","Exclude from BOM","Exclude from Board","Exclude from Simulation","Exclude from Position Files","Footprint","Datasheet"
"AE1","1","Antenna_Loop","","","","","${EXCLUDE_FROM_POS_FILES}","TestPoint:TestPoint_2Pads_Pitch5.08mm_Drill1.3mm",""
"BT1","1","Battery","","","","","${EXCLUDE_FROM_POS_FILES}","TestPoint:TestPoint_2Pads_Pitch5.08mm_Drill1.3mm",""
"C1","1","4u7","","","","","${EXCLUDE_FROM_POS_FILES}","Capacitor_SMD:C_0805_2012Metric_Pad1.18x1.45mm_HandSolder",""
"C2,C8,C11","3","100n","","","","","${EXCLUDE_FROM_POS_FILES}","Capacitor_SMD:C_0805_2012Metric_Pad1.18x1.45mm_HandSolder",""
"C3,C4","2","18p","","","","","${EXCLUDE_FROM_POS_FILES}","Capacitor_SMD:C_0603_1608Metric_Pad1.08x0.95mm_HandSolder",""
"C5","1","10p","","","","","${EXCLUDE_FROM_POS_FILES}","Capacitor_SMD:C_0603_1608Metric_Pad1.08x0.95mm_HandSolder",""
"C6","1","3p9","","","","","${EXCLUDE_FROM_POS_FILES}","Capacitor_SMD:C_0603_1608Metric_Pad1.08x0.95mm_HandSolder",""
"C7","1","100p","","","","","${EXCLUDE_FROM_POS_FILES}","Capacitor_SMD:C_0805_2012Metric_Pad1.18x1.45mm_HandSolder",""
"C9,C10","2","10u","","","","","${EXCLUDE_FROM_POS_FILES}","Capacitor_SMD:C_0805_2012Metric_Pad1.18x1.45mm_HandSolder",""
"J1","1","Conn_01x03_Pin","","","","","${EXCLUDE_FROM_POS_FILES}","Connector_PinHeader_2.54mm:PinHeader_1x03_P2.54mm_Vertical",""
"L1","1","470n","","","","","${EXCLUDE_FROM_POS_FILES}","1A:470n L",""
"L2","1","82n","","","","","${EXCLUDE_FROM_POS_FILES}","1A:82n L",""
"R1","1","100k","","","","","${EXCLUDE_FROM_POS_FILES}","Resistor_SMD:R_0805_2012Metric_Pad1.20x1.40mm_HandSolder",""
"SW1,SW2,SW3,SW4,SW6","5","SW_Push","","","","","${EXCLUDE_FROM_POS_FILES}","Button_Switch_THT:SW_PUSH_6mm",""
"SW5","1","SW_SPST","","","","","${EXCLUDE_FROM_POS_FILES}","Button_Switch_THT:SW_Slide_SPDT_Angled_CK_OS102011MA1Q",""
"U1","1","ATtiny1616-S","","","","","${EXCLUDE_FROM_POS_FILES}","Package_SO:SOIC-20W_7.5x12.8mm_P1.27mm","http://ww1.microchip.com/downloads/en/DeviceDoc/ATtiny3216_ATtiny1616-data-sheet-40001997B.pdf"
"U2","1","MICRF112YMM","","","","","${EXCLUDE_FROM_POS_FILES}","Package_SO:MSOP-10_3x3mm_P0.5mm","http://ww1.microchip.com/downloads/en/DeviceDoc/MICRF112.pdf"
"Y1","1","Crystal","","","","","${EXCLUDE_FROM_POS_FILES}","1A:Crystal Oscilator",""
